<?xml version="1.0" encoding="UTF-8"?>
<!DOCTYPE hibernate-configuration PUBLIC
        "-//Hibernate/Hibernate Configuration DTD 3.0//EN"
        "http://www.hibernate.org/dtd/hibernate-configuration-3.0.dtd">
<hibernate-configuration>
    <session-factory>


        <property name="dialect">org.hibernate.dialect.MySQL5Dialect</property>
        <property name="connection.url">jdbc:mysql://localhost:3306/dotin5</property>
        <property name="connection.username">zahra</property>
        <property name="connection.password">zahra</property>
        <property name="connection.driver_class">com.mysql.cj.jdbc.Driver</property>
        <property name="show_sql">true</property>



        <mapping class="model.entity.Employee"/>
        <mapping class="model.entity.EmployeeLeave"/>
        <mapping class="model.entity.CategoryElement"/>
        <mapping class="model.entity.Category"/>
        <mapping class="model.entity.Email"/>
        <mapping class="model.entity.Entity"/>


    </session-factory>
</hibernate-configuration>